,0x,0y,1x,1y,2x,2y,3x,3y,4x,4y,5x,5y,6x,6y,7x,7y,8x,8y,9x,9y,10x,10y,11x,11y,12x,12y,13x,13y,14x,14y,15x,15y,16x,16y,17x,17y,18x,18y,19x,19y,20x,20y
0,178,226,201,228,211,232,210,236,203,235,171,207,166,228,173,245,174,253,143,209,143,233,154,255,159,265,127,216,129,243,140,263,146,271,117,228,123,252,133,267,138,271
1,170,311,200,285,221,243,232,209,246,189,176,215,164,199,169,230,175,254,149,222,136,207,148,243,158,266,126,230,111,216,126,245,141,266,105,241,89,209,78,189,68,170
2,182,307,215,283,239,243,250,208,263,186,197,210,185,198,186,229,190,253,169,216,158,209,166,243,174,265,145,223,129,215,141,243,155,262,124,233,107,203,94,184,82,165
3,188,306,220,282,243,242,254,207,266,186,201,213,189,198,193,229,198,252,173,218,162,206,173,242,181,263,150,226,135,213,149,241,162,261,129,236,112,204,99,185,88,166
4,195,263,192,260,183,248,184,241,185,241,162,217,154,223,159,238,164,249,164,215,162,226,169,245,176,259,176,220,175,228,180,246,183,257,191,227,193,229,193,242,193,250
5,190,306,221,281,243,240,254,206,265,184,203,211,191,195,194,227,200,250,174,216,164,204,174,239,183,262,150,224,137,211,151,240,165,262,130,234,112,203,99,184,87,165
6,199,236,218,235,226,228,230,221,230,220,188,202,178,206,184,224,189,238,162,206,156,214,165,236,173,251,148,216,142,226,151,246,158,258,139,229,134,240,141,253,149,260
7,181,302,214,277,237,234,246,199,259,178,193,204,181,188,185,221,190,245,165,210,152,199,164,234,173,257,141,218,126,208,143,237,158,258,121,228,103,197,90,178,78,158
8,180,301,213,274,236,231,245,196,256,176,191,202,179,186,185,218,191,242,163,209,152,196,164,231,174,253,139,218,125,205,142,233,156,254,118,228,101,196,87,176,75,157
9,178,301,210,275,233,232,242,198,254,178,188,203,176,186,181,218,188,243,160,209,148,197,160,232,170,254,137,218,122,207,139,236,153,256,116,229,98,197,84,177,72,158
10,175,301,207,276,229,233,237,198,250,178,183,202,171,187,176,219,182,244,156,209,145,198,156,233,165,256,133,218,118,207,134,236,148,257,112,229,94,197,80,178,67,159
11,181,303,212,276,233,233,243,199,255,179,186,203,175,188,183,219,191,244,159,211,149,198,162,233,172,257,137,220,122,208,139,237,154,258,117,232,97,200,83,180,71,161
12,186,304,219,277,242,236,254,202,265,180,197,204,186,193,191,224,198,248,168,211,157,205,170,240,180,262,145,220,130,215,147,242,164,261,124,231,104,200,89,181,76,162
13,184,254,214,247,231,235,234,222,237,208,235,223,247,213,264,202,275,191,211,223,194,237,197,246,200,249,184,227,172,244,181,252,185,254,160,233,158,251,168,259,175,260
14,192,306,226,282,250,240,261,204,273,181,206,207,193,194,197,227,205,251,176,214,165,204,177,240,187,263,152,223,137,214,153,243,169,263,131,234,111,201,95,181,82,161
15,193,296,229,286,256,249,269,213,281,182,226,209,209,196,206,222,209,243,197,209,183,200,190,236,198,260,172,217,161,213,173,247,185,270,152,232,147,227,157,251,168,268
16,201,312,235,287,260,244,272,206,283,182,218,210,206,192,210,227,217,252,188,216,179,203,190,242,201,265,163,224,150,212,166,243,182,265,141,235,122,200,106,179,93,158
17,203,314,238,289,263,245,275,207,286,182,220,212,208,193,212,229,218,254,190,217,180,203,191,242,201,267,165,224,151,210,167,243,183,267,143,235,123,200,107,179,93,159
18,202,315,237,290,264,245,275,206,286,180,220,213,205,195,209,230,215,257,188,218,176,207,187,246,198,271,162,225,147,213,162,246,179,271,139,236,118,201,101,180,87,159
19,187,253,199,259,209,255,213,249,216,244,197,196,187,213,189,241,197,260,183,192,178,208,186,240,194,262,172,197,169,211,177,242,187,264,164,208,162,223,168,246,176,262
20,203,313,238,289,265,243,277,204,288,177,219,207,205,189,209,226,215,253,187,212,177,202,188,242,198,267,161,220,146,208,163,242,179,267,138,231,116,197,99,176,85,154
21,183,271,223,269,246,249,245,223,241,198,245,215,260,203,274,190,285,178,217,205,208,220,204,248,206,261,187,208,178,230,182,256,191,265,162,218,157,240,162,260,170,268
22,201,316,236,290,263,243,274,204,285,177,218,210,205,191,209,227,215,254,186,215,176,202,187,242,197,269,159,223,145,208,160,241,175,267,136,234,114,198,97,177,82,155
23,192,317,228,292,256,246,269,206,279,179,207,209,194,193,198,228,205,255,175,215,163,205,176,245,186,271,149,224,133,214,150,247,167,271,125,235,104,200,86,179,72,158
24,195,215,212,223,215,238,201,259,179,275,187,201,188,216,194,238,194,252,159,204,160,225,171,252,176,266,141,212,144,239,158,262,166,272,130,225,138,252,149,267,159,272
25,187,319,224,291,248,243,258,202,271,175,199,208,185,195,189,231,195,258,167,214,155,207,169,247,180,271,141,224,125,216,144,249,161,272,117,236,94,201,76,181,61,159
26,180,324,216,296,241,248,253,207,267,180,193,211,180,202,183,238,188,265,161,217,150,214,162,253,172,277,135,226,118,221,135,253,151,275,111,238,88,204,70,185,56,165
27,158,277,186,272,204,255,210,252,210,259,180,212,180,210,184,235,185,261,149,213,148,216,155,249,163,276,125,224,121,226,128,259,137,281,106,241,102,242,108,258,116,270
28,178,326,214,297,239,249,249,209,261,182,188,215,174,199,180,235,187,261,156,223,143,211,158,252,170,277,128,233,112,220,132,254,149,279,105,245,82,209,65,188,50,165
29,172,322,204,305,231,264,241,229,238,203,193,216,175,202,176,237,180,265,162,221,147,209,155,250,165,277,135,229,121,219,134,258,147,285,113,243,103,230,115,257,127,277
30,177,328,212,299,236,251,246,211,256,184,187,216,172,200,178,236,186,263,155,224,141,212,156,253,167,279,129,233,111,221,130,255,148,279,105,246,82,211,64,190,47,168
31,159,286,189,280,211,258,223,236,233,219,186,229,185,214,188,225,193,240,156,226,151,222,157,240,164,260,132,235,130,234,135,251,142,269,112,248,112,246,116,257,122,269
32,174,326,208,297,233,250,241,210,253,184,182,217,167,200,175,236,183,263,150,224,137,212,152,253,165,278,124,233,107,220,126,255,145,279,100,246,78,209,60,188,44,166
33,148,265,177,266,192,257,191,257,181,264,170,208,171,207,173,236,175,258,140,207,138,217,148,253,157,275,117,220,118,231,130,266,140,285,102,238,101,246,113,268,125,281
34,173,329,208,299,232,250,241,209,252,183,181,216,167,201,175,237,183,264,150,224,137,211,151,253,162,279,123,234,106,219,124,253,141,278,101,246,77,210,59,188,43,166
35,163,312,184,302,195,272,195,248,190,230,178,218,167,206,172,237,178,263,151,222,140,214,148,249,158,275,127,231,115,223,127,256,139,281,107,244,100,236,111,259,122,277
36,174,327,208,297,232,248,240,208,250,183,180,216,168,200,175,236,184,263,149,223,138,210,152,251,163,277,123,232,107,218,124,252,141,277,100,244,78,208,60,187,45,166
37,173,320,208,292,231,245,240,206,251,181,181,212,167,197,174,231,182,257,151,220,137,207,151,245,163,271,126,229,108,218,126,248,143,271,104,241,82,206,64,186,49,165
38,164,302,203,293,232,254,246,216,258,185,210,217,197,202,188,214,184,223,179,214,170,201,175,235,180,258,151,220,145,219,155,254,165,276,127,232,127,234,136,259,145,274
39,181,318,215,291,238,247,248,208,258,181,192,213,181,198,185,232,190,258,161,219,150,209,162,248,172,273,135,229,120,218,136,249,152,272,112,241,92,208,76,189,62,169
40,181,265,217,251,238,232,249,210,262,189,230,233,230,225,222,232,215,237,201,239,191,234,190,249,190,262,175,245,168,245,173,262,175,273,156,252,155,257,162,270,167,277
41,188,319,221,294,245,251,256,214,266,188,200,217,186,204,190,236,197,261,169,223,158,215,170,252,180,278,145,233,128,223,144,253,160,275,123,245,102,213,86,193,72,172
42,183,284,226,278,252,252,262,225,271,198,234,221,210,211,202,236,207,254,202,219,184,220,189,251,199,271,175,226,160,232,168,261,180,280,154,237,145,243,151,263,161,278
43,197,321,230,296,256,253,266,217,275,191,212,221,198,207,201,239,207,265,181,226,169,219,178,255,189,281,156,235,140,225,154,254,170,277,135,246,115,214,98,194,85,174
44,202,324,236,299,261,256,271,218,280,191,219,222,204,206,208,241,214,266,188,227,175,217,186,255,195,279,162,236,147,225,163,257,178,280,140,247,119,214,101,194,87,174
45,199,316,233,301,261,255,275,216,285,185,224,220,213,203,211,233,213,257,196,223,191,205,196,242,201,268,171,231,167,217,177,256,185,281,150,245,148,230,158,259,168,279
46,203,323,238,297,264,253,276,214,288,187,221,219,208,202,212,238,218,264,189,224,178,213,189,253,200,278,162,233,148,221,163,254,179,277,140,245,119,210,101,189,86,167
47,203,320,239,295,265,249,279,209,291,181,220,214,210,195,213,232,219,260,189,219,181,206,191,247,201,273,162,227,150,214,164,248,180,272,139,238,119,202,101,181,86,160
48,204,319,240,293,266,246,278,206,291,179,221,212,210,193,213,229,219,257,189,217,180,204,191,245,201,272,162,225,149,212,164,246,179,272,139,237,118,201,100,179,85,158
49,183,304,225,296,256,255,270,216,284,185,225,207,210,206,206,237,206,256,192,205,184,210,191,249,198,270,164,215,160,224,172,261,182,281,141,232,144,238,155,265,164,280
50,198,325,234,298,261,251,275,211,285,183,215,217,204,198,207,235,213,263,183,222,174,208,184,250,194,278,155,231,141,215,156,250,172,275,131,242,110,205,91,184,75,162
51,196,329,233,300,261,253,273,211,282,182,214,218,199,199,203,236,210,263,181,224,169,212,181,253,192,280,153,232,137,216,154,251,171,277,129,244,106,206,87,184,71,161
52,192,333,229,304,257,255,269,214,279,185,206,221,193,202,198,239,205,266,173,228,161,215,175,257,186,283,146,237,130,223,149,258,166,283,122,249,99,212,81,190,65,167
53,191,333,226,303,253,255,265,213,275,184,205,221,191,204,197,240,203,268,171,227,160,216,173,258,185,286,144,236,128,222,146,257,164,283,120,248,97,211,78,190,61,167
54,191,334,227,306,253,257,266,214,278,186,205,223,193,206,198,243,205,270,172,229,162,217,175,259,186,287,144,238,129,223,147,259,164,285,120,250,96,213,78,191,61,169
55,191,336,228,307,255,258,269,216,278,187,206,222,194,206,199,243,206,270,172,229,162,217,176,259,187,288,144,238,130,223,147,259,164,285,120,250,97,212,78,190,61,167
56,195,334,232,304,259,254,271,212,281,184,209,221,198,205,203,242,209,270,175,228,166,217,178,258,189,287,147,237,133,223,149,257,165,284,123,249,100,212,80,189,64,166
57,197,329,233,301,261,254,274,214,284,186,213,221,201,203,205,240,211,268,179,227,170,214,180,256,190,284,151,236,137,223,152,256,168,281,127,248,104,212,86,190,72,168
58,197,332,232,304,260,257,273,217,283,189,214,222,201,204,205,241,211,269,181,228,170,215,181,257,192,284,153,237,138,222,154,256,170,281,129,248,107,211,89,189,74,167
59,199,332,233,305,259,260,273,221,284,193,215,225,203,208,207,244,213,271,182,230,173,219,184,261,194,287,156,239,141,225,157,260,172,284,133,250,111,215,94,194,79,173
60,200,329,235,301,261,257,273,218,284,190,216,222,204,203,207,239,213,266,184,227,174,214,185,255,195,281,158,235,143,220,159,253,174,278,135,246,113,211,96,190,81,169
61,200,329,234,303,261,257,274,218,284,190,216,222,204,205,207,241,214,268,184,227,174,216,184,257,195,285,157,236,143,222,158,256,174,281,134,247,113,212,95,191,80,170
62,199,330,234,302,261,256,275,216,286,188,214,221,203,203,206,240,212,268,181,227,173,215,183,257,193,285,154,236,140,222,156,256,172,281,131,248,109,212,90,190,75,168
63,193,335,229,305,254,257,268,217,280,188,205,221,191,206,197,242,204,269,173,228,162,220,175,261,186,287,146,238,131,228,149,262,166,285,123,250,101,214,83,192,67,170
64,181,336,217,307,243,261,257,220,269,191,193,220,177,211,182,246,189,273,161,226,149,223,163,263,173,288,134,237,118,232,138,265,155,287,109,251,86,216,69,195,53,174
65,166,330,199,315,224,281,230,254,229,241,186,226,172,215,176,250,182,276,154,230,142,225,152,267,162,292,126,238,113,233,126,269,139,294,103,250,82,218,66,200,52,183
66,177,339,211,309,236,261,248,219,260,191,186,224,173,212,179,249,187,276,153,231,142,225,156,267,167,291,127,241,110,233,128,267,146,289,104,254,80,219,61,198,46,176
67,173,340,206,310,229,260,238,220,250,193,178,226,162,214,169,251,178,277,146,233,132,226,147,267,160,293,119,244,102,235,121,269,139,292,96,258,72,222,54,201,38,180
68,163,343,198,312,221,262,230,221,244,194,169,226,152,216,158,254,168,281,136,235,122,228,137,270,150,295,109,247,92,238,111,273,130,296,86,263,62,226,44,205,28,184
69,164,345,197,314,219,265,229,224,243,197,168,228,151,218,157,255,166,282,135,237,121,230,135,271,148,298,108,249,90,238,108,273,127,298,86,264,62,227,43,205,26,184
70,172,340,206,309,229,258,236,216,250,191,177,223,164,212,170,248,179,276,145,232,135,224,149,263,160,288,119,243,103,235,120,267,137,289,95,257,71,222,53,201,37,180
71,161,308,187,305,205,271,216,250,223,244,186,237,180,222,182,246,185,270,153,235,144,224,152,255,162,283,128,243,118,233,125,263,136,287,110,257,98,248,105,264,117,279
72,174,339,209,310,233,262,243,220,257,193,185,223,171,211,176,248,184,275,152,231,140,222,153,263,164,290,124,242,108,233,124,266,142,289,100,256,77,221,59,199,44,177
73,175,329,209,307,237,260,250,221,261,191,195,218,174,210,177,246,184,272,166,222,148,221,160,260,171,284,142,235,128,233,142,270,154,292,125,253,116,247,127,273,140,291
74,180,338,215,307,239,259,250,218,263,191,190,222,181,210,186,246,192,273,158,229,150,221,163,261,173,288,131,240,116,228,133,262,149,287,107,253,84,217,67,196,51,174
75,182,337,217,306,241,259,254,218,266,189,193,222,181,210,186,246,193,272,161,229,150,222,164,263,175,289,133,239,117,229,135,262,152,286,109,252,87,217,69,195,54,173
76,187,335,223,306,249,259,261,218,273,190,199,222,188,209,193,245,200,273,166,228,156,221,169,262,179,290,139,239,124,228,141,262,157,286,116,253,92,217,75,196,60,173
77,192,333,226,304,252,257,266,217,279,189,206,220,197,206,200,243,206,272,173,227,165,217,176,259,186,288,145,237,132,225,147,259,162,285,121,250,98,214,80,192,65,170
78,192,332,227,303,254,256,266,215,277,186,206,221,192,204,197,240,204,267,174,227,161,216,174,258,186,284,147,236,131,222,148,257,165,282,123,248,100,211,81,189,66,167
79,197,335,233,306,260,257,275,215,286,186,215,221,203,203,206,241,212,269,181,227,172,213,183,257,193,286,153,236,138,222,154,258,171,283,127,248,105,209,85,186,69,163
80,194,335,231,306,259,256,273,214,286,186,212,220,200,206,203,244,209,273,177,226,168,217,179,260,189,290,149,236,133,224,149,259,166,285,123,248,100,210,80,187,64,165
81,192,347,229,317,256,264,269,220,281,192,208,227,196,214,200,254,206,283,172,233,162,226,175,271,187,300,143,243,128,232,147,269,165,296,118,257,94,219,74,197,56,174
82,191,349,227,318,254,266,266,223,277,191,204,228,193,216,198,255,205,285,169,235,160,229,173,273,185,303,140,245,126,236,145,272,163,299,114,260,89,220,69,196,53,173
83,189,351,226,320,252,267,265,222,277,192,201,229,192,217,198,256,205,286,166,236,158,230,173,275,185,304,137,247,124,237,144,274,161,301,111,262,86,222,67,199,51,175
84,187,353,224,322,251,269,262,224,274,194,200,229,188,220,194,261,201,291,164,236,154,233,168,278,181,308,134,248,120,240,139,277,158,304,108,263,84,225,63,201,46,179
85,188,349,224,319,250,267,263,223,276,194,200,229,190,218,195,257,202,286,165,236,156,230,171,274,182,303,136,247,122,238,142,274,160,300,110,261,85,223,66,199,50,176
86,193,347,229,318,255,268,267,226,279,196,207,231,198,217,202,255,208,284,173,237,166,228,178,271,188,300,145,247,132,236,149,271,166,297,120,260,97,223,78,200,62,178
87,182,326,223,317,255,274,271,236,283,204,223,229,209,218,206,251,206,271,192,229,184,221,190,264,195,288,164,238,160,235,171,277,180,299,141,253,141,253,151,283,161,301
88,196,343,232,314,257,267,271,226,283,198,212,230,202,218,206,255,211,283,178,236,169,229,181,272,192,299,150,247,137,237,155,272,172,297,126,261,102,225,84,202,69,180
89,201,342,236,315,262,268,274,227,285,200,218,231,207,218,210,255,217,282,185,238,175,228,187,270,197,297,157,248,143,238,160,272,176,296,133,260,111,225,94,204,79,181
90,202,340,236,314,262,269,276,230,287,201,219,230,207,218,210,254,216,281,186,234,175,228,186,271,197,298,159,244,145,234,160,270,176,295,135,257,113,222,94,201,80,179
91,201,342,235,315,261,270,275,231,288,203,218,231,206,217,209,253,215,280,186,235,176,228,186,270,196,297,159,244,145,234,160,269,175,294,135,256,113,222,95,200,80,179
92,201,333,235,306,262,262,276,224,287,197,218,226,207,210,210,246,216,274,186,230,177,221,186,262,196,289,160,239,146,226,160,261,175,286,137,251,115,216,98,194,84,173
93,200,331,234,305,261,261,274,223,284,195,218,224,204,208,207,244,213,271,187,229,175,219,185,260,196,286,160,238,146,225,161,259,176,283,137,249,115,214,98,193,84,172
94,202,327,236,301,262,258,277,220,288,192,220,221,207,204,210,240,215,266,188,226,178,215,187,255,197,282,161,234,147,220,162,254,177,279,139,245,117,210,100,189,85,168
95,204,326,239,299,265,255,279,216,290,188,223,218,209,202,212,238,217,266,191,223,180,213,189,254,199,281,164,231,149,217,163,252,179,278,140,243,118,207,100,186,85,165
96,207,325,243,298,269,252,284,212,297,186,228,216,214,202,218,238,224,264,195,220,185,212,195,253,205,279,167,229,153,218,168,252,184,276,143,241,121,205,103,183,88,160
97,203,330,241,301,269,251,281,209,293,181,223,216,208,198,212,237,219,265,188,223,178,211,190,255,201,282,160,232,145,218,163,254,181,280,135,243,111,204,93,181,78,158
98,202,333,239,304,267,254,281,212,292,185,221,218,210,201,213,240,220,268,187,224,179,211,190,256,201,285,159,233,145,219,162,256,179,283,133,245,110,205,91,182,75,158
99,200,334,237,305,265,256,279,213,291,185,220,220,207,203,210,242,216,270,185,226,176,214,187,258,198,287,157,234,143,220,160,257,177,283,131,246,108,207,89,184,73,160
100,200,333,237,304,266,256,280,213,290,185,221,220,207,202,209,240,215,268,186,225,175,212,186,256,196,285,157,234,142,219,158,255,176,281,132,245,109,206,89,184,73,161
101,200,333,237,305,267,256,280,214,290,185,222,219,207,204,209,243,216,271,187,225,175,215,186,259,196,288,157,234,142,221,158,257,176,283,132,246,109,208,90,184,74,161
102,199,334,235,306,265,258,279,216,290,188,219,221,207,205,209,243,215,271,184,226,175,217,185,260,196,289,155,235,141,223,157,258,175,284,130,247,108,209,89,186,74,162
103,197,331,234,304,264,257,278,216,289,189,218,220,205,204,207,242,213,270,184,225,174,214,183,258,194,286,155,234,141,220,156,256,173,282,130,245,108,207,89,184,74,161
104,199,328,234,302,262,257,276,217,288,189,218,221,207,204,208,241,214,268,185,226,176,214,186,256,195,284,157,234,143,221,158,255,174,280,132,245,111,208,93,185,79,162
105,199,327,234,301,263,255,278,215,290,187,220,219,206,202,208,238,213,265,187,223,176,213,185,254,195,282,160,231,144,218,159,252,174,277,135,242,114,205,96,183,82,160
106,201,317,237,292,265,247,279,208,291,182,223,213,212,196,213,232,218,259,191,217,182,205,190,246,199,273,163,224,150,210,163,243,177,269,139,235,120,198,104,176,90,153
107,201,315,236,291,263,248,276,211,289,184,221,213,209,195,211,230,215,257,190,216,180,205,188,245,197,271,163,223,149,208,162,242,176,267,140,233,121,197,104,176,91,154
108,203,312,237,289,264,247,276,210,288,185,222,212,211,194,213,229,217,254,192,215,182,203,191,242,199,267,166,222,152,207,165,240,178,265,144,232,125,197,109,176,97,155
109,198,317,234,293,260,252,271,215,283,189,219,215,201,201,202,235,206,260,189,219,173,213,181,250,190,274,163,227,146,218,159,250,174,272,142,237,123,203,108,183,96,163
110,197,319,230,296,256,255,268,218,279,193,215,218,202,204,203,237,207,263,184,222,172,214,180,252,188,277,158,229,144,218,155,249,168,274,137,240,118,207,102,186,90,166
111,169,286,211,290,241,263,255,233,267,205,222,214,205,220,193,238,190,241,190,209,179,230,186,262,196,273,162,215,157,241,168,270,179,281,141,229,144,249,152,271,159,281
112,191,321,225,298,251,256,262,219,273,193,207,220,192,207,194,241,199,266,177,225,163,218,173,256,183,280,152,233,136,224,150,256,165,278,131,244,111,210,96,190,84,170
113,192,322,227,298,253,255,264,217,276,191,210,219,196,206,199,240,204,266,179,223,168,215,176,254,185,279,153,231,137,219,150,251,164,275,131,242,112,207,95,186,82,166
114,192,326,228,302,254,257,265,219,276,192,212,221,195,206,197,241,203,268,180,225,166,216,176,257,186,283,153,233,137,220,152,254,167,279,130,244,110,208,92,187,79,166
115,193,330,229,305,256,261,268,222,280,194,214,224,199,212,201,249,207,275,180,228,167,223,177,264,188,290,152,236,137,227,152,260,168,285,129,248,108,213,91,191,78,169
116,192,333,228,307,255,263,269,223,282,195,212,223,196,213,198,251,204,278,179,227,165,224,176,266,187,292,150,236,135,228,150,263,166,288,126,249,106,213,88,192,74,170
117,187,342,222,315,249,269,263,228,277,199,204,228,187,220,190,258,197,285,170,233,155,232,168,274,180,300,142,243,125,236,142,271,160,296,118,256,96,221,78,198,63,175
118,186,343,222,316,250,269,263,229,275,199,203,228,187,221,191,259,197,287,168,233,155,233,168,275,180,301,140,243,124,237,142,272,159,297,115,257,93,222,75,200,60,177
119,185,345,220,317,248,270,261,229,274,199,202,228,187,221,190,260,197,287,167,233,154,232,166,275,178,301,139,244,123,237,139,272,156,297,114,257,91,221,73,199,58,177
120,185,343,221,316,249,269,262,227,275,198,201,227,191,219,194,256,199,284,168,231,157,230,169,272,179,299,140,241,125,235,142,270,158,295,115,255,93,219,76,196,61,174
121,186,338,222,310,249,265,261,225,272,197,202,225,191,216,194,253,200,280,169,230,159,225,170,267,179,294,142,240,127,231,142,265,157,290,118,253,96,218,79,195,65,173
122,187,325,222,299,249,256,260,218,269,191,203,217,192,206,195,242,200,269,171,222,162,216,171,256,180,282,145,232,130,224,144,255,158,279,122,244,102,210,85,188,71,167
123,187,317,222,294,248,252,261,215,272,189,204,213,194,201,195,236,199,262,173,218,165,211,173,250,181,276,147,226,133,217,144,248,158,272,124,238,105,204,88,183,75,163
124,194,298,228,275,255,233,268,196,281,173,210,198,201,181,202,215,205,241,180,202,171,190,179,228,188,252,154,208,141,195,154,226,168,249,133,218,115,184,99,162,86,141
125,193,295,229,273,255,230,268,192,283,170,211,196,200,177,201,212,205,237,180,200,169,186,178,224,186,248,154,207,140,193,154,224,168,248,131,216,114,181,99,160,87,138
126,194,293,229,270,255,227,268,189,283,165,211,190,203,173,203,207,206,233,180,194,172,182,180,219,188,243,155,201,142,186,155,218,168,241,132,210,115,176,100,154,87,133
127,190,294,227,272,253,228,267,190,283,166,212,193,201,175,201,210,204,236,180,196,170,182,177,221,185,246,154,202,140,188,153,221,166,245,131,212,113,176,97,154,84,132
128,189,297,225,274,252,230,265,192,280,168,208,194,196,176,197,210,201,237,176,198,165,185,174,223,182,248,150,205,136,190,149,223,163,247,127,214,110,178,94,157,81,135
129,190,302,227,280,253,237,266,200,282,175,213,200,198,185,196,221,199,249,180,204,167,195,174,235,184,260,152,211,138,196,150,231,165,256,129,221,112,184,96,163,84,142
130,189,313,225,289,253,245,267,207,281,182,211,210,196,193,196,229,201,255,178,213,165,203,174,243,184,268,152,220,137,206,151,241,166,265,129,230,111,193,97,171,85,149
131,189,325,225,300,254,257,269,218,283,191,212,220,199,206,198,242,201,270,179,224,167,217,173,256,181,283,151,231,138,222,148,255,162,281,129,240,112,204,97,183,85,163
132,189,334,225,309,253,265,268,227,282,200,211,228,196,216,196,251,202,278,178,232,165,226,173,265,183,292,150,240,136,232,148,265,163,290,128,250,110,215,94,193,82,173
133,189,339,224,314,251,272,265,233,279,206,212,230,192,223,193,260,199,285,178,234,162,232,171,273,181,298,151,243,135,235,148,270,163,294,128,256,109,222,93,200,80,179
134,188,350,224,327,250,283,263,244,279,217,210,241,193,238,195,273,201,298,176,244,163,249,172,287,182,311,149,253,135,255,147,287,161,310,125,266,108,232,92,210,79,189
135,188,352,223,328,251,286,265,247,279,219,211,241,192,241,193,276,199,302,178,243,162,251,171,290,182,315,151,253,135,256,147,288,163,312,127,267,110,235,94,213,81,193
136,187,353,222,332,251,289,266,250,281,223,211,244,194,243,195,279,200,305,178,246,164,252,172,293,183,317,151,256,136,258,148,292,164,315,127,269,110,237,94,216,82,195
137,188,361,224,339,252,296,266,258,281,231,211,251,195,253,195,288,201,314,178,254,165,265,173,303,184,328,151,264,137,271,148,303,162,326,127,278,110,245,94,223,82,202
138,189,362,224,341,252,299,264,261,278,233,210,252,195,256,195,292,200,318,177,254,165,269,172,307,182,332,150,265,137,274,147,307,161,332,126,279,110,248,93,226,80,206
139,191,373,227,351,254,308,265,270,278,242,211,262,196,270,196,306,201,331,177,265,168,282,175,320,183,346,150,276,140,286,151,319,164,345,127,291,110,258,93,235,80,215
140,195,358,229,349,260,307,276,270,288,242,221,264,217,261,215,292,216,310,191,264,194,271,200,306,205,324,165,274,170,287,180,319,188,334,144,287,148,300,159,325,168,337
141,197,372,234,348,261,305,277,268,296,244,219,260,210,268,210,298,214,323,187,262,181,283,189,316,197,339,161,273,152,289,165,319,179,340,138,288,121,258,105,236,91,215
142,203,373,241,351,269,307,283,268,301,244,228,262,217,268,217,300,222,323,195,263,188,281,196,316,204,335,169,274,160,287,173,318,186,337,145,288,128,255,112,233,99,211
143,207,369,245,349,274,306,288,267,303,239,232,259,220,266,220,300,225,326,199,260,190,278,197,316,206,340,172,270,161,282,173,315,187,338,147,284,132,250,116,227,103,207
144,203,367,240,344,270,301,284,263,299,239,225,257,216,262,217,295,221,321,192,259,186,276,193,312,203,335,166,269,157,280,169,312,183,335,142,283,126,249,111,226,99,205
145,197,367,233,344,263,302,277,265,293,238,220,257,207,261,207,294,211,321,188,259,178,274,185,312,193,337,161,269,150,278,160,311,173,336,137,283,119,250,104,228,92,207
146,186,364,221,342,249,299,262,261,278,234,207,254,190,257,190,291,197,318,175,256,160,270,168,307,179,331,148,267,133,275,145,307,160,330,124,281,106,247,90,225,78,205
147,181,363,216,340,244,298,258,260,273,232,202,253,185,253,184,288,189,314,170,256,156,266,164,305,174,330,143,266,128,273,140,306,155,329,119,280,101,246,85,225,72,204
148,176,363,212,341,240,297,253,258,268,231,197,252,179,255,180,290,186,316,164,255,151,267,159,305,169,329,137,266,123,272,134,305,149,328,113,279,96,246,80,225,68,205
149,170,365,205,340,232,297,246,259,264,232,188,251,171,257,173,292,180,316,156,255,142,271,153,307,164,328,129,266,115,277,129,307,144,327,106,280,89,248,72,226,59,206
150,124,291,162,307,192,311,206,303,219,286,189,268,202,272,214,283,228,285,158,259,163,282,162,318,165,335,129,261,133,287,136,318,140,330,102,271,108,298,116,319,123,325
151,162,365,196,341,223,296,232,257,246,229,179,252,160,256,162,291,168,318,146,255,131,269,140,306,150,332,119,265,102,273,114,305,129,328,94,280,77,247,61,224,48,205
152,161,351,195,326,222,283,232,244,247,217,176,239,157,240,159,275,165,302,144,244,128,251,137,289,147,315,118,254,100,256,113,288,128,311,95,268,77,235,61,214,48,194
153,158,344,189,327,216,285,231,246,244,218,188,240,164,238,160,269,163,292,158,239,140,244,145,282,152,304,133,247,117,251,126,288,137,310,111,260,100,261,108,289,121,305
154,161,351,196,325,222,279,232,238,248,212,177,237,157,235,159,271,166,297,145,242,127,245,137,284,148,309,119,252,100,251,114,284,130,306,96,265,77,231,61,210,48,189
155,162,338,194,320,223,278,238,240,248,210,187,237,163,231,161,263,166,287,159,238,139,237,146,274,154,297,136,247,119,247,127,284,137,305,117,262,104,259,113,285,123,301
156,164,344,198,319,226,274,237,234,251,205,182,232,162,229,163,265,170,291,150,236,133,238,141,277,151,302,124,246,104,244,117,276,133,299,100,259,82,226,65,205,53,184
157,165,338,200,315,228,271,238,230,251,202,186,230,165,227,165,262,171,288,153,234,135,235,143,274,152,299,127,242,107,240,118,271,133,294,103,254,85,221,69,200,56,180
158,158,295,188,299,212,283,214,274,200,272,202,236,204,223,202,242,202,260,168,226,164,224,166,257,170,284,139,232,136,235,139,268,145,293,114,246,111,247,117,266,125,283
159,168,338,203,314,230,270,242,230,255,202,188,229,168,223,170,259,176,283,156,233,139,231,148,271,158,294,129,241,110,235,124,269,139,291,105,253,86,219,72,198,60,177
160,166,295,195,291,216,267,228,253,228,248,188,232,180,227,178,252,178,276,155,232,148,228,152,259,159,283,130,240,124,239,130,267,137,287,112,253,103,252,108,268,116,280
161,171,334,205,310,233,268,246,229,260,202,191,225,172,218,173,254,178,279,159,228,142,227,152,267,162,291,132,237,115,232,128,265,144,288,109,248,91,214,76,193,64,173
162,174,328,208,305,236,262,249,224,261,197,193,220,175,213,175,249,181,274,161,223,145,222,153,262,162,286,135,231,117,225,129,259,143,283,112,243,94,210,79,189,66,168
163,175,322,210,299,238,257,250,219,263,193,195,215,179,208,180,243,185,269,163,218,149,217,157,256,166,281,137,226,120,221,133,255,148,278,114,238,96,206,82,185,70,163
164,175,317,210,294,238,253,251,216,263,190,195,213,180,201,181,236,187,261,164,216,149,209,158,249,167,274,138,224,120,213,132,247,146,270,115,234,96,200,82,179,70,158
165,176,312,210,290,238,248,251,211,264,185,198,207,182,196,182,231,185,256,166,211,152,204,159,243,167,268,140,218,123,209,135,242,149,265,118,229,101,196,86,175,75,154
166,178,311,213,288,241,247,254,210,267,184,200,207,185,195,184,229,187,254,168,210,154,203,161,242,169,267,143,217,126,208,138,240,151,264,120,227,103,193,88,172,77,151
167,180,289,213,280,239,243,253,208,268,181,204,201,187,193,184,228,185,255,172,204,157,199,162,239,170,264,146,213,132,208,140,243,151,265,128,225,113,214,116,234,122,246
168,180,303,214,289,242,249,257,211,270,184,208,208,189,194,185,226,187,251,181,209,165,201,170,235,176,257,160,218,147,211,154,245,162,266,142,232,133,223,139,247,147,264
169,180,309,215,287,243,246,255,209,269,184,202,207,187,194,186,229,190,254,170,210,156,202,164,241,173,265,145,217,128,208,141,240,155,262,122,227,105,193,91,173,81,152
170,183,305,218,285,245,244,259,208,273,183,204,205,188,192,189,226,194,251,173,208,159,200,167,239,175,262,148,215,131,204,143,237,156,259,126,224,109,190,95,169,84,149
171,185,304,219,282,245,242,258,205,272,180,205,204,189,188,189,223,194,248,174,207,160,197,168,236,177,260,148,214,132,202,145,234,159,258,126,224,109,189,95,167,84,146
172,186,294,221,272,248,231,262,195,278,174,207,195,194,178,194,212,197,237,177,198,164,186,171,223,179,247,151,205,136,193,149,224,163,247,129,214,114,179,100,159,90,138
173,188,292,222,271,248,230,262,193,278,171,209,194,195,176,195,210,198,234,178,197,164,184,172,221,180,243,153,203,138,190,150,222,164,244,131,212,116,178,102,157,91,135
174,187,288,222,268,249,227,262,191,278,169,209,190,196,173,195,207,198,231,178,193,165,180,172,217,180,240,153,199,138,185,150,218,163,241,131,208,116,174,102,153,91,132
175,182,291,217,268,244,228,258,192,273,169,204,190,191,174,190,208,192,233,173,193,161,181,167,218,174,243,148,200,134,188,145,220,157,243,126,209,110,175,97,154,86,134
176,176,302,212,283,237,243,249,206,264,182,202,202,187,192,183,221,184,244,170,203,156,203,163,240,170,263,143,210,126,209,138,241,151,261,119,220,101,189,87,170,76,150
177,172,305,205,287,234,247,249,210,259,182,201,212,180,197,176,228,178,253,174,211,157,199,159,236,164,261,151,216,133,206,139,244,148,268,130,226,117,214,124,242,135,260
178,174,310,208,287,234,246,245,208,259,183,192,205,175,195,175,230,179,255,161,209,145,203,154,242,163,266,135,217,118,209,131,241,145,264,113,227,95,194,81,174,70,153
179,177,326,213,303,239,262,250,225,264,198,197,219,180,216,181,251,187,276,166,223,152,226,159,264,168,288,139,232,124,230,135,262,148,285,116,243,99,211,84,190,72,170
180,177,335,212,312,240,270,251,231,265,204,197,228,177,223,179,258,186,284,165,232,147,233,157,272,168,297,139,240,121,238,134,271,151,293,117,253,98,218,81,197,69,177
181,182,348,217,322,244,279,257,241,273,216,203,236,187,235,188,270,194,296,171,239,157,248,164,284,174,310,143,249,128,254,140,285,155,308,119,262,102,228,86,206,73,185
182,184,355,221,335,249,291,261,252,277,224,207,243,189,249,189,284,194,308,173,245,160,262,168,299,178,322,146,256,133,266,145,299,159,322,122,270,106,238,89,215,76,194
183,183,358,219,338,248,295,262,256,277,229,206,248,191,252,191,287,196,314,172,249,160,264,167,302,177,328,144,260,131,268,141,301,155,325,120,274,104,240,88,218,74,198
184,182,366,219,345,246,301,260,263,276,235,204,252,190,259,189,294,194,320,170,253,158,273,166,312,177,337,142,264,130,277,141,310,156,335,118,279,103,247,86,225,72,205
185,182,365,218,345,245,302,258,263,273,235,203,253,188,260,188,295,193,321,169,254,158,273,165,312,175,336,141,266,130,277,141,310,155,335,117,280,102,248,85,225,71,206
186,182,367,219,347,245,303,257,264,274,236,203,253,187,262,187,297,192,322,168,255,157,277,165,315,176,339,140,267,130,280,141,314,156,339,116,282,101,250,84,227,70,208
187,184,366,221,346,248,303,263,265,279,237,205,254,191,264,190,297,196,323,171,255,160,277,168,314,179,338,143,266,132,281,143,313,158,337,119,282,103,249,86,226,72,206
188,184,365,222,345,250,301,265,262,281,234,207,251,194,259,193,294,198,320,173,252,163,272,170,311,180,335,145,264,135,277,146,311,160,335,121,279,105,246,87,223,73,202
189,179,346,214,320,245,279,262,242,280,215,206,230,187,232,189,268,196,295,172,232,157,239,164,278,173,307,144,241,128,242,137,275,150,302,119,253,101,220,85,197,72,177
190,176,320,213,298,245,256,258,217,269,191,200,213,185,203,186,240,190,266,169,216,154,212,161,252,170,277,142,223,125,217,137,251,151,274,118,234,101,200,86,178,74,156
191,178,320,215,296,244,254,257,216,271,189,202,210,184,203,184,239,189,265,169,213,152,211,161,251,171,277,142,222,124,215,137,249,152,273,119,233,100,198,85,176,74,154
192,176,314,212,292,242,250,256,212,270,185,200,208,182,197,181,233,186,259,167,211,150,205,158,245,168,271,140,218,122,210,134,244,149,269,116,229,98,194,83,172,71,150
193,173,309,210,287,237,244,250,204,266,178,196,201,178,193,177,229,181,254,162,204,146,201,156,242,166,265,135,211,118,206,132,240,147,262,111,222,92,187,78,165,66,143
194,176,299,212,276,241,234,256,197,274,174,200,193,186,180,185,214,186,242,168,196,155,187,161,226,167,252,142,202,126,192,136,225,149,249,119,211,102,176,89,154,78,133
195,177,291,214,270,242,228,257,191,274,168,200,187,187,172,186,207,188,233,168,190,155,179,162,218,169,243,142,196,126,186,138,219,151,243,119,206,103,169,90,147,79,126
196,178,288,214,267,242,228,257,191,274,168,201,185,188,171,187,206,189,232,170,188,157,177,164,216,170,241,143,194,129,182,140,215,152,239,120,203,104,167,91,145,81,123
197,177,296,213,274,242,233,257,196,274,172,200,193,188,175,186,210,189,237,168,195,156,182,163,221,170,247,142,201,128,188,140,221,153,245,120,210,104,174,91,151,81,130
198,171,310,209,289,238,247,254,208,273,184,199,207,186,195,184,230,186,259,168,207,155,203,161,243,167,271,141,212,125,209,136,243,148,268,116,221,100,187,86,165,75,145
199,173,332,210,310,239,267,255,229,271,202,199,221,178,219,178,255,184,281,165,224,147,229,155,268,165,293,137,232,120,234,131,267,146,290,112,243,95,209,80,187,68,165
200,177,337,214,312,244,270,259,233,275,207,202,224,184,224,183,260,189,287,168,226,152,236,159,274,169,298,140,236,123,240,134,272,149,294,115,248,98,214,82,191,70,170
201,182,351,219,330,248,286,263,248,281,221,209,237,195,240,193,275,197,302,176,238,163,252,170,290,179,315,148,247,134,255,144,288,158,312,123,260,107,226,90,202,77,181
202,183,365,222,344,250,301,265,263,281,236,210,251,196,259,194,294,197,319,176,251,165,271,170,309,177,335,148,262,136,272,146,307,158,333,124,276,108,241,92,216,78,193
203,184,372,222,352,250,309,265,272,282,245,210,260,196,268,194,303,197,328,176,259,164,281,171,320,179,343,147,270,136,284,148,318,161,342,123,284,106,250,90,226,77,204
204,182,374,221,355,250,313,266,275,283,249,210,260,198,272,195,306,198,331,175,260,166,285,172,324,180,348,146,271,137,287,147,321,160,347,122,287,107,254,91,230,78,209
205,176,375,214,356,244,315,259,278,276,251,204,264,192,275,188,308,191,335,171,264,159,288,164,325,172,351,143,274,132,292,141,324,154,350,118,289,103,257,87,233,73,213
206,177,363,214,342,245,301,259,265,278,241,205,253,189,259,187,293,191,321,172,254,159,272,163,309,170,337,144,263,131,274,139,307,151,332,120,277,104,243,88,220,75,200
207,176,340,213,320,245,278,261,242,278,217,205,233,189,232,188,267,192,294,173,235,160,241,165,279,172,305,146,243,131,246,140,279,153,303,121,255,106,218,90,196,78,175
208,174,335,210,315,241,275,258,237,276,211,205,228,184,225,181,260,185,287,173,228,152,235,159,275,169,300,145,236,125,239,137,273,152,296,120,247,103,212,88,190,76,168
209,173,336,210,315,241,274,258,237,275,210,204,227,185,226,183,260,186,287,172,227,154,235,160,273,170,298,144,234,127,238,137,270,151,293,119,246,103,211,87,188,75,167
210,172,336,208,315,239,275,256,237,273,211,202,226,185,224,182,259,186,286,169,226,153,233,159,272,169,297,141,234,125,236,136,269,150,292,116,246,100,210,85,188,73,166
211,170,334,207,313,239,273,257,236,273,209,202,227,182,222,180,258,184,284,170,227,150,231,157,271,168,295,142,234,123,234,134,268,149,291,117,244,100,209,85,187,74,165
212,169,329,207,307,238,268,255,232,272,206,198,221,179,217,178,253,182,279,166,222,148,227,154,266,163,292,139,230,121,230,132,263,146,287,114,241,98,205,84,181,73,159
213,169,309,205,288,237,248,252,211,267,185,198,203,178,196,176,231,179,257,166,204,147,204,153,242,161,268,139,211,120,207,130,240,143,263,115,221,99,187,86,165,75,143
214,169,302,206,282,236,243,250,206,265,181,197,197,178,190,176,225,179,251,165,198,147,197,154,236,162,260,138,205,120,202,131,235,144,257,115,215,98,181,85,160,75,139
215,168,297,205,278,235,237,250,199,265,175,196,194,177,184,175,218,178,243,165,196,147,191,155,231,162,254,138,201,120,195,132,228,145,251,114,210,98,176,86,154,77,132
216,170,295,207,277,237,238,251,201,267,175,199,194,180,186,177,220,179,245,166,194,149,192,155,231,163,254,139,200,121,194,131,227,145,250,115,209,99,176,86,154,77,133
217,169,297,206,276,236,236,251,198,267,174,196,194,179,182,178,216,180,241,165,195,149,188,155,228,163,253,138,200,120,191,131,225,144,248,114,209,99,173,86,151,76,130
218,171,289,206,270,235,229,251,191,269,168,197,184,182,173,179,209,181,235,166,185,152,178,157,217,163,242,140,191,124,182,132,214,144,237,117,199,102,164,89,143,79,122
219,173,286,209,266,238,226,253,189,269,167,197,184,184,171,183,205,184,232,166,185,153,176,158,215,165,240,141,190,125,180,135,213,147,236,117,198,103,163,91,141,81,120
220,172,287,208,266,237,226,251,190,269,167,196,184,182,173,180,208,182,234,164,186,150,178,157,217,164,242,138,191,123,184,134,216,147,239,115,200,100,165,88,143,78,122
221,171,291,207,270,236,229,251,191,269,168,198,188,183,175,179,210,181,236,166,189,152,180,157,220,163,245,139,194,123,184,133,218,146,242,115,203,100,166,87,145,77,123
222,169,306,206,287,236,246,251,209,268,183,199,201,177,195,175,230,179,255,166,200,147,203,154,242,163,266,139,207,120,205,131,238,145,261,114,217,98,182,86,160,76,138
223,169,313,208,293,241,253,257,216,271,190,202,205,179,201,176,236,181,262,169,206,148,209,154,249,164,273,142,213,122,212,133,245,148,268,118,223,101,189,88,167,77,145
224,172,322,210,301,241,261,258,225,273,199,204,214,187,210,183,245,186,272,170,214,155,218,159,257,168,282,143,222,126,223,135,255,148,277,118,233,103,197,89,175,78,154
225,171,326,209,307,241,268,258,231,275,205,204,219,187,215,184,250,186,277,172,218,153,224,159,263,167,289,144,225,126,227,135,260,149,284,118,236,102,200,87,178,76,156
226,173,332,211,311,242,271,259,235,276,209,206,223,188,221,186,256,189,282,173,222,155,230,160,269,170,295,145,229,128,232,137,266,150,290,119,241,103,205,88,181,76,159
227,172,349,209,329,239,288,256,250,274,225,203,238,184,241,181,275,185,301,169,237,154,251,160,290,168,315,142,245,127,254,137,288,149,312,116,257,100,222,86,197,75,174
228,170,357,208,338,239,295,254,256,274,231,200,244,185,250,181,285,184,312,166,244,152,262,156,300,164,324,138,253,124,264,132,297,144,322,112,265,99,230,84,206,72,184
229,167,373,205,353,235,310,251,271,272,246,195,257,180,267,177,301,180,329,160,256,148,279,152,317,160,344,131,266,119,281,127,315,139,342,106,280,92,246,76,221,64,201
230,165,380,204,363,234,320,250,280,269,251,193,265,176,280,173,315,178,340,157,264,144,292,151,331,161,355,129,274,117,294,127,329,140,355,103,289,89,256,72,232,59,211
231,162,389,202,370,233,329,250,291,266,263,192,276,174,291,171,326,176,351,156,274,141,303,147,340,156,365,127,284,114,306,124,340,137,365,102,299,86,266,69,241,55,220
232,166,387,205,369,236,329,253,290,269,262,194,274,180,289,178,324,180,352,159,273,148,301,153,340,160,368,130,283,119,302,128,338,140,367,105,298,89,266,72,241,58,221
233,165,375,202,355,233,316,250,279,271,252,198,264,179,277,175,311,178,339,163,262,150,285,151,325,156,355,133,271,121,286,127,321,137,351,107,285,90,251,73,226,60,206
234,168,347,204,327,234,286,250,248,271,222,198,235,180,238,177,272,180,300,164,234,148,248,153,286,161,311,136,242,119,251,128,283,141,307,110,254,95,219,80,196,68,174
235,168,336,206,317,239,275,256,236,276,210,202,225,182,225,179,261,183,288,169,225,150,235,156,274,165,298,141,232,123,237,133,270,146,293,114,244,100,208,86,186,74,164
236,169,326,208,307,242,267,259,229,278,204,206,218,185,213,181,249,184,275,173,218,152,220,157,261,166,286,145,225,126,223,135,258,149,281,120,235,104,199,91,177,80,154
237,169,319,208,300,242,261,259,223,275,197,205,212,184,207,181,245,185,271,173,211,152,214,158,255,167,279,145,217,126,217,136,252,149,275,120,227,105,191,91,169,81,147
238,170,318,210,298,243,259,259,221,276,196,206,211,185,204,180,241,183,267,173,211,152,213,157,253,166,278,146,217,125,216,135,249,148,272,121,226,105,191,92,168,81,146
239,170,322,208,303,241,264,258,227,275,203,206,215,185,211,181,247,184,273,172,214,152,219,157,260,167,284,144,220,125,222,134,256,148,278,119,230,105,195,91,172,81,151
240,169,318,208,300,242,261,259,224,274,198,206,212,186,207,180,243,182,270,173,212,153,215,156,255,164,282,145,217,126,217,134,251,146,276,120,227,105,191,91,168,80,146
241,167,307,206,288,239,250,256,212,273,187,203,202,179,197,176,233,179,259,170,201,148,204,153,244,162,267,143,206,121,205,130,238,143,260,118,216,103,180,89,158,80,136
242,167,305,206,284,238,246,255,208,271,183,202,201,180,193,178,228,180,253,169,200,149,199,155,239,163,262,142,205,122,199,132,233,144,256,117,214,102,177,91,155,81,132
243,167,290,205,272,238,232,254,195,273,173,199,187,184,178,179,213,179,239,167,187,152,185,155,223,161,249,141,192,124,187,131,219,141,244,117,200,104,165,92,143,83,122
244,171,282,208,265,240,226,257,189,276,167,204,182,188,170,183,204,183,230,172,180,157,173,158,212,163,238,145,184,129,175,135,208,145,232,121,192,109,156,97,134,89,113
245,170,283,207,265,240,227,256,190,275,168,203,183,185,170,180,203,181,228,171,182,154,174,158,214,164,239,145,186,127,176,136,210,147,233,121,193,108,157,98,135,90,113
246,169,286,207,266,240,228,259,193,278,171,206,188,191,174,186,210,188,236,173,185,158,180,160,220,168,244,146,189,129,181,138,216,150,241,121,196,110,159,99,137,92,116
247,172,311,211,291,245,257,265,224,281,201,214,206,197,196,193,229,194,256,181,203,168,199,167,241,171,270,153,206,139,199,144,236,153,263,128,214,116,175,104,151,96,129
248,168,334,208,317,242,278,259,242,278,218,210,226,189,227,183,261,185,288,177,222,157,235,158,273,165,299,149,228,130,235,136,269,145,294,123,238,109,204,98,179,89,157
249,169,345,208,326,240,288,255,251,274,226,207,236,187,238,181,272,183,299,173,233,154,247,156,285,163,311,145,240,128,248,134,281,144,307,120,251,107,215,94,189,84,167
250,165,355,206,338,238,298,255,261,274,236,203,246,186,252,182,286,185,312,170,243,155,261,158,299,164,323,143,250,128,264,135,296,145,320,118,262,104,228,91,203,81,181
251,165,361,205,343,237,304,252,267,271,242,199,250,182,261,177,295,180,319,165,247,151,270,154,307,161,330,137,255,125,270,132,303,142,327,112,268,97,234,84,208,74,186
252,176,353,216,337,251,300,271,264,287,240,214,249,193,255,188,286,190,311,183,245,164,265,168,298,176,319,156,252,138,267,147,297,159,317,131,262,115,232,98,208,86,185
253,182,353,224,339,258,298,277,260,295,235,221,246,207,254,201,286,201,312,189,242,177,264,179,301,185,325,162,250,150,266,157,301,167,325,136,261,123,227,109,202,99,180
254,192,357,234,339,269,300,288,264,304,236,233,247,221,254,215,287,214,312,200,244,190,263,191,300,195,325,172,251,161,263,167,298,175,323,146,263,133,228,121,202,111,178
255,189,352,231,335,266,298,286,263,303,237,230,245,219,252,212,283,211,308,198,241,188,262,189,296,193,318,170,247,160,264,166,295,174,319,144,258,132,224,120,199,111,177
256,172,353,211,333,244,293,260,256,278,230,205,243,187,251,181,283,183,308,174,240,157,262,160,297,166,319,147,247,130,262,138,294,149,317,122,260,106,226,92,201,82,179
257,165,351,204,334,236,294,254,256,276,231,200,242,183,247,177,280,178,306,168,239,151,259,154,294,161,317,140,246,123,260,131,292,142,315,114,257,102,223,88,199,77,178
258,158,350,197,335,228,295,246,258,267,233,194,243,173,247,168,282,170,308,161,239,143,257,145,295,152,320,132,246,116,257,121,291,132,316,106,257,93,223,79,199,69,178
259,154,351,192,334,225,293,243,255,264,229,192,242,170,245,164,278,167,306,158,238,139,254,141,292,148,318,128,244,110,254,116,287,128,312,101,255,87,220,73,195,62,174
260,150,349,188,328,221,286,242,248,266,224,188,233,165,232,159,267,163,295,155,230,135,242,136,281,143,307,125,237,107,244,113,280,123,305,98,247,83,210,69,186,58,163
261,154,320,193,303,229,264,247,226,266,201,193,210,166,210,160,246,164,273,159,208,134,218,138,258,145,284,131,214,106,219,114,254,127,278,104,225,88,190,75,166,65,143
262,153,316,194,299,229,258,246,218,265,193,194,207,167,204,161,240,164,266,161,204,134,215,140,255,148,277,132,209,107,214,117,250,130,273,105,219,89,183,77,160,67,137
263,154,309,196,294,229,256,247,217,266,192,197,205,174,198,166,227,167,249,164,200,140,209,144,250,152,273,135,203,111,209,119,245,131,267,107,211,91,177,79,156,70,134
264,158,306,199,290,233,251,253,212,273,187,200,198,172,196,166,232,168,259,166,193,139,204,143,245,151,269,136,198,112,203,121,238,133,262,109,207,94,170,82,147,72,124
265,172,306,215,290,251,250,271,211,295,187,217,199,192,195,183,228,183,253,184,194,159,205,163,244,170,263,156,198,131,205,141,239,154,259,129,207,113,171,99,148,88,123
266,179,306,221,288,260,250,280,211,301,186,223,197,203,193,196,226,197,253,191,194,169,202,172,238,179,263,163,199,141,203,150,235,163,258,138,208,125,171,111,146,100,121
267,187,311,229,295,267,256,286,218,307,191,234,202,214,199,207,235,207,263,200,197,181,207,182,247,187,274,171,202,153,206,159,242,169,268,144,210,133,173,120,146,111,123
268,185,319,228,302,266,262,285,224,307,198,233,207,217,204,208,240,207,268,200,201,184,213,183,254,187,280,171,206,155,213,160,250,169,277,144,216,132,178,119,152,110,129
269,175,343,219,326,257,287,276,247,299,220,225,233,206,237,195,270,192,298,192,227,171,245,170,280,173,307,164,232,144,244,148,276,155,300,137,242,122,206,109,180,99,156
270,182,330,208,325,229,310,224,297,214,293,222,242,204,244,189,270,183,292,189,235,172,251,170,289,176,314,161,239,146,262,151,297,161,317,136,249,127,270,133,297,145,311
271,176,352,218,338,252,298,270,260,291,233,217,239,196,250,190,284,192,308,181,233,163,259,166,297,174,321,152,240,137,258,144,293,154,318,126,252,114,216,101,190,91,168
272,175,356,217,341,251,300,269,261,290,235,217,243,196,252,189,288,191,314,182,237,162,261,164,301,171,326,152,244,135,261,141,297,150,323,125,256,113,220,101,193,91,170
273,170,361,212,344,247,305,266,268,287,243,211,248,193,259,186,292,186,317,178,242,160,269,162,304,168,327,149,249,133,269,140,301,149,325,122,261,108,226,96,200,86,177
274,166,361,208,345,242,305,261,269,282,243,206,247,187,260,181,293,182,319,172,241,155,268,156,305,162,329,143,248,128,267,133,301,142,325,116,261,100,227,88,201,78,178
275,175,341,217,326,255,290,276,252,301,228,222,238,201,240,190,271,186,300,191,231,168,250,168,282,170,306,163,236,141,249,147,279,156,300,136,246,118,214,103,188,92,164
276,184,339,227,324,264,285,285,248,303,221,231,227,218,232,210,263,207,291,198,222,185,241,184,277,187,305,169,228,156,242,161,276,169,303,141,239,131,203,119,175,109,152
277,185,338,226,323,263,284,285,247,304,221,231,227,217,231,208,264,206,291,198,222,184,241,183,279,187,305,169,228,156,242,161,277,169,303,142,238,131,203,119,176,110,153
278,194,322,232,320,271,283,292,245,308,215,242,224,221,227,208,259,201,282,212,218,191,233,190,274,192,302,184,223,167,239,171,278,177,303,161,233,151,245,155,276,163,296
279,189,338,230,323,267,285,290,248,310,221,236,225,223,227,214,262,212,291,204,220,190,237,190,277,193,305,176,226,163,237,168,273,176,301,150,236,139,201,126,174,117,150
